topic_name|topic_url
Distributed|http://dbpedia.org/resource/Distributed_computing
System|http://dbpedia.org/resource/System
Design|http://dbpedia.org/resource/Software_design
Principles|http://dbpedia.org/resource/Principle
distributed computing|http://dbpedia.org/resource/Distributed_computing
scalability|http://dbpedia.org/resource/Scalability
transparency|http://dbpedia.org/resource/Open_government
concurrency|http://dbpedia.org/resource/Concurrent_computing
consistency|http://dbpedia.org/resource/Consistency_model
fault tolerance|http://dbpedia.org/resource/Fault_tolerance
Client-server|http://dbpedia.org/resource/Client–server_model
interaction|http://dbpedia.org/resource/Interaction
technologies|http://dbpedia.org/resource/Information_technology
interprocess communication|http://dbpedia.org/resource/Inter-process_communication
sockets|http://dbpedia.org/resource/Network_socket
group|http://dbpedia.org/resource/Social_group
communication|http://dbpedia.org/resource/Communication
remote procedure call|http://dbpedia.org/resource/Remote_procedure_call
remote|http://dbpedia.org/resource/Remote_desktop_software
method|http://dbpedia.org/resource/Software_development_process
invocation|http://dbpedia.org/resource/Remote_procedure_call
object|http://dbpedia.org/resource/Object-oriented_programming
request|http://dbpedia.org/resource/Hypertext_Transfer_Protocol
broker|http://dbpedia.org/resource/Broker
CORBA|http://dbpedia.org/resource/Common_Object_Request_Broker_Architecture
web services|http://dbpedia.org/resource/Web_service
Distributed|http://dbpedia.org/resource/Distributed_computing
server|http://dbpedia.org/resource/Web_server
process|http://dbpedia.org/resource/Business_process
replication|http://dbpedia.org/resource/Reproducibility
fault tolerance|http://dbpedia.org/resource/Fault_tolerance
passive|http://dbpedia.org/resource/Passive_voice
replication|http://dbpedia.org/resource/Reproducibility
high availability|http://dbpedia.org/resource/Computer_cluster
active|http://dbpedia.org/resource/Active_learning
replication|http://dbpedia.org/resource/Reproducibility
coordination|http://dbpedia.org/resource/Motor_coordination
transactions|http://dbpedia.org/resource/Transaction_processing
concurrency control|http://dbpedia.org/resource/Concurrency_control
Designing|http://dbpedia.org/resource/Design
software|http://dbpedia.org/resource/Application_software
fault-tolerant|http://dbpedia.org/resource/Fault_tolerance
highly|http://dbpedia.org/resource/Enriched_uranium
distributed systems|http://dbpedia.org/resource/Distributed_computing
process|http://dbpedia.org/resource/Business_process
replication|http://dbpedia.org/resource/Reproducibility
Laboratory|http://dbpedia.org/resource/Laboratory
week|http://dbpedia.org/resource/Week
Parallel|http://dbpedia.org/resource/Parallel_computing
Programming|http://dbpedia.org/resource/Programming_language
Migration|http://dbpedia.org/resource/PC_migration
Von Neumann|http://dbpedia.org/resource/Von_Neumann_architecture
parallel processing|http://dbpedia.org/resource/Parallel_computing
architectures|http://dbpedia.org/resource/Computer_architecture
shared-memory|http://dbpedia.org/resource/Shared_memory
message-passing|http://dbpedia.org/resource/Message_passing
paradigms|http://dbpedia.org/resource/Programming_paradigm
massively parallel|http://dbpedia.org/resource/MIMD
computers|http://dbpedia.org/resource/Computer_data_storage
commodity|http://dbpedia.org/resource/Commodity_computing
parallel processing|http://dbpedia.org/resource/Parallel_computing
clusters|http://dbpedia.org/resource/Computer_cluster
multi-core|http://dbpedia.org/resource/Multi-core_processor
based|http://dbpedia.org/resource/Radix
heterogeneous computing|http://dbpedia.org/resource/Heterogeneous_computing
Issues|http://dbpedia.org/resource/Environmental_issue
memory|http://dbpedia.org/resource/Computer_memory
consistency|http://dbpedia.org/resource/Consistency
load balancing|http://dbpedia.org/resource/Weight_distribution
Parallel algorithms|http://dbpedia.org/resource/Parallel_algorithm
shared-memory|http://dbpedia.org/resource/Shared_memory
message passing|http://dbpedia.org/resource/Message_passing
platforms|http://dbpedia.org/resource/Operating_system
efficiency|http://dbpedia.org/resource/Efficiency
scalability|http://dbpedia.org/resource/Scalability
issues|http://dbpedia.org/resource/Software_project_management
performance|http://dbpedia.org/resource/Computer_performance
Parallel programming|http://dbpedia.org/resource/Parallel_computing
environments|http://dbpedia.org/resource/Desktop_environment
parallel programming|http://dbpedia.org/resource/Parallel_computing
models|http://dbpedia.org/resource/Computer_simulation
languages|http://dbpedia.org/resource/Programming_language
software|http://dbpedia.org/resource/Application_software
tools|http://dbpedia.org/resource/Programming_tool
Laboratory|http://dbpedia.org/resource/Laboratory
week|http://dbpedia.org/resource/Week
project|http://dbpedia.org/resource/Project_management
Animation|http://dbpedia.org/resource/Animation
Computer Games|http://dbpedia.org/resource/PC_game
algorithms|http://dbpedia.org/resource/Algorithm
data structures|http://dbpedia.org/resource/Data_structure
modelling|http://dbpedia.org/resource/3D_modeling
rendering|http://dbpedia.org/resource/3D_rendering
dynamic|http://dbpedia.org/resource/Type_system
principles|http://dbpedia.org/resource/Principle
traditional animation|http://dbpedia.org/resource/Traditional_animation
production|http://dbpedia.org/resource/Manufacturing
pipeline|http://dbpedia.org/resource/Graphics_pipeline
animation|http://dbpedia.org/resource/Animation
hardware|http://dbpedia.org/resource/Computer_hardware
software|http://dbpedia.org/resource/Software
orientation|http://dbpedia.org/resource/Sexual_orientation
representation|http://dbpedia.org/resource/Knowledge_representation_and_reasoning
interpolation|http://dbpedia.org/resource/Interpolation
modelling|http://dbpedia.org/resource/3D_modeling
physical|http://dbpedia.org/resource/Physics
articulated|http://dbpedia.org/resource/Joint
objects|http://dbpedia.org/resource/Object-oriented_programming
inverse kinematics|http://dbpedia.org/resource/Inverse_kinematics
motion control|http://dbpedia.org/resource/Motion_control
capture|http://dbpedia.org/resource/Video_capture
procedural|http://dbpedia.org/resource/Procedural_programming
behavioural|http://dbpedia.org/resource/Behavior
animation|http://dbpedia.org/resource/Animation
camera|http://dbpedia.org/resource/Digital_camera
animation|http://dbpedia.org/resource/Animation
scripting|http://dbpedia.org/resource/Computer_programming
system|http://dbpedia.org/resource/Dynamical_system
project|http://dbpedia.org/resource/Project_management
Laboratory|http://dbpedia.org/resource/Laboratory
week|http://dbpedia.org/resource/Week
Machine Learning|http://dbpedia.org/resource/Machine_learning
Introduction|http://dbpedia.org/resource/Florrie_discography
fundamentals|http://dbpedia.org/resource/Fundamental_frequency
machine learning|http://dbpedia.org/resource/Machine_learning
Linear|http://dbpedia.org/resource/Linearity
models|http://dbpedia.org/resource/Statistical_model
linear|http://dbpedia.org/resource/Linear_regression
polynomial regression|http://dbpedia.org/resource/Polynomial_regression
overfitting|http://dbpedia.org/resource/Overfitting
model selection|http://dbpedia.org/resource/Model_selection
logistic regression|http://dbpedia.org/resource/Logistic_regression
naive Bayes|http://dbpedia.org/resource/Naive_Bayes_classifier
Non-linear|http://dbpedia.org/resource/Nonlinear_system
models|http://dbpedia.org/resource/Statistical_model
decision trees|http://dbpedia.org/resource/Decision_tree_learning
boosting|http://dbpedia.org/resource/Boosted_fission_weapon
neural networks|http://dbpedia.org/resource/Artificial_neural_network
Support vector machines|http://dbpedia.org/resource/Support_vector_machine
kernels|http://dbpedia.org/resource/Kernel_method
Computational learning theory|http://dbpedia.org/resource/Computational_learning_theory
Experimental|http://dbpedia.org/resource/Design_of_experiments
methodology|http://dbpedia.org/resource/Methodology
Structured|http://dbpedia.org/resource/Structured_programming
models|http://dbpedia.org/resource/Statistical_model
graphical models|http://dbpedia.org/resource/Graphical_model
deep belief networks|http://dbpedia.org/resource/Deep_belief_network
Unsupervised learning|http://dbpedia.org/resource/Unsupervised_learning
k-means|http://dbpedia.org/resource/K-means_clustering
mixture models|http://dbpedia.org/resource/Mixture_model
density|http://dbpedia.org/resource/Probability_density_function
estimation|http://dbpedia.org/resource/Approximation
expectation maximization|http://dbpedia.org/resource/Expectation–maximization_algorithm
principle component analysis|http://dbpedia.org/resource/Principal_component_analysis
dimensionality reduction|http://dbpedia.org/resource/Dimensionality_reduction
methods|http://dbpedia.org/resource/Methodology
Learning|http://dbpedia.org/resource/Learning
dynamical systems|http://dbpedia.org/resource/Dynamical_system
Markov|http://dbpedia.org/resource/Hidden_Markov_model
models|http://dbpedia.org/resource/Statistical_model
types|http://dbpedia.org/resource/Type_system
temporal|http://dbpedia.org/resource/Temporal_logic
sequence|http://dbpedia.org/resource/Sequence
models|http://dbpedia.org/resource/Statistical_model
Reinforcement learning|http://dbpedia.org/resource/Reinforcement_learning
Survey|http://dbpedia.org/resource/Survey_methodology
machine learning|http://dbpedia.org/resource/Machine_learning
applications|http://dbpedia.org/resource/Computer_program
project|http://dbpedia.org/resource/Project
Laboratory|http://dbpedia.org/resource/Laboratory
week|http://dbpedia.org/resource/Week
Advanced|http://dbpedia.org/resource/GCE_Advanced_Level
Game Development|http://dbpedia.org/resource/Video_game_development
computer games|http://dbpedia.org/resource/PC_game
Game engine|http://dbpedia.org/resource/Game_engine
design|http://dbpedia.org/resource/Software_design
Artificial Intelligence|http://dbpedia.org/resource/Artificial_intelligence
AI|http://dbpedia.org/resource/Artificial_intelligence
player character|http://dbpedia.org/resource/Player_character
coordinated|http://dbpedia.org/resource/Coordination_complex
pathfinding|http://dbpedia.org/resource/Pathfinding
representations|http://dbpedia.org/resource/Knowledge_representation_and_reasoning
decision making|http://dbpedia.org/resource/Decision-making
tactical|http://dbpedia.org/resource/Military_tactics
AI|http://dbpedia.org/resource/Artificial_intelligence
AI|http://dbpedia.org/resource/Artificial_intelligence
learning|http://dbpedia.org/resource/Machine_learning
games|http://dbpedia.org/resource/Game_theory
based|http://dbpedia.org/resource/Radix
collision detection|http://dbpedia.org/resource/Collision_detection
response|http://dbpedia.org/resource/Hypertext_Transfer_Protocol
gaming|http://dbpedia.org/resource/PC_game
games|http://dbpedia.org/resource/Game_theory
networking|http://dbpedia.org/resource/Computer_network
distributed|http://dbpedia.org/resource/Distributed_computing
game design|http://dbpedia.org/resource/Game_design
mobile gaming|http://dbpedia.org/resource/Mobile_game
realism|http://dbpedia.org/resource/Philosophical_realism
cut scenes|http://dbpedia.org/resource/Cutscene
3D sound|http://dbpedia.org/resource/Surround_sound
project|http://dbpedia.org/resource/Project_management
Laboratory|http://dbpedia.org/resource/Laboratory
week|http://dbpedia.org/resource/Week
Computer Vision|http://dbpedia.org/resource/Computer_vision
This|http://dbpedia.org/resource/Sathya_Sai_Baba
introduces|http://dbpedia.org/resource/Exposition_(narrative)
basic|http://dbpedia.org/resource/Basic_research
concepts|http://dbpedia.org/resource/Concept
computer vision|http://dbpedia.org/resource/Computer_vision
image|http://dbpedia.org/resource/Digital_image_processing
formation|http://dbpedia.org/resource/Abiogenesis
grouping|http://dbpedia.org/resource/Gestalt_psychology
geometric|http://dbpedia.org/resource/Geometry
vision|http://dbpedia.org/resource/Computer_vision
perceptual organization|http://dbpedia.org/resource/Perception
software|http://dbpedia.org/resource/Software_system
tools|http://dbpedia.org/resource/Programming_tool
Students|http://dbpedia.org/resource/Student
learn|http://dbpedia.org/resource/Machine_learning
fundamental|http://dbpedia.org/resource/Basic_research
algorithms|http://dbpedia.org/resource/Algorithm
gain|http://dbpedia.org/resource/Antenna_gain
experience|http://dbpedia.org/resource/Experience
programming|http://dbpedia.org/resource/Computer_programming
program|http://dbpedia.org/resource/Computer_program
OpenCV|http://dbpedia.org/resource/OpenCV
powerful|http://dbpedia.org/resource/Statistical_power
software interface|http://dbpedia.org/resource/Interface_(computing)
process|http://dbpedia.org/resource/Business_process
data|http://dbpedia.org/resource/Data_mining
captured|http://dbpedia.org/resource/Prisoner_of_war
passive|http://dbpedia.org/resource/Passive_daylighting
active|http://dbpedia.org/resource/Active_learning
sensors|http://dbpedia.org/resource/Sensor
project|http://dbpedia.org/resource/Project_management
Laboratory|http://dbpedia.org/resource/Laboratory
Students|http://dbpedia.org/resource/Student
received|http://dbpedia.org/resource/Amiri_Baraka
COMP|http://dbpedia.org/resource/College_of_Osteopathic_Medicine_of_the_Pacific
Computer Vision|http://dbpedia.org/resource/Computer_vision
Scientific Computation|http://dbpedia.org/resource/Computational_science
elements|http://dbpedia.org/resource/Structural_engineering
numerical methods|http://dbpedia.org/resource/Numerical_analysis
central|http://dbpedia.org/resource/Central_nervous_system
scientific computation|http://dbpedia.org/resource/Computational_science
The|http://dbpedia.org/resource/The
precise|http://dbpedia.org/resource/Accuracy_and_precision
contents|http://dbpedia.org/resource/Mind
topics|http://dbpedia.org/resource/Conversation_threading
An|http://dbpedia.org/resource/Alternating_group
numerical solution|http://dbpedia.org/resource/Numerical_analysis
nonlinear equations|http://dbpedia.org/resource/Nonlinear_system
continuation|http://dbpedia.org/resource/Numerical_continuation
methods|http://dbpedia.org/resource/Subgradient_method
numerical solution|http://dbpedia.org/resource/Numerical_analysis
initial|http://dbpedia.org/resource/Initial_value_problem
problems|http://dbpedia.org/resource/Computational_problem
ordinary differential equations|http://dbpedia.org/resource/Ordinary_differential_equation
finite difference method|http://dbpedia.org/resource/Finite_difference_method
numerical stability|http://dbpedia.org/resource/Numerical_stability
stiff|http://dbpedia.org/resource/Stiff_equation
equations|http://dbpedia.org/resource/Partial_differential_equation
problems|http://dbpedia.org/resource/Computational_problem
ordinary differential equations|http://dbpedia.org/resource/Ordinary_differential_equation
collocation|http://dbpedia.org/resource/Collocation_method
methods|http://dbpedia.org/resource/Subgradient_method
numerical solution|http://dbpedia.org/resource/Numerical_analysis
partial differential equations|http://dbpedia.org/resource/Partial_differential_equation
nonlinear|http://dbpedia.org/resource/Nonlinear_system
diffusion|http://dbpedia.org/resource/Diffusion_equation
problems|http://dbpedia.org/resource/Computational_problem
project|http://dbpedia.org/resource/Project_management
Numerical Analysis|http://dbpedia.org/resource/Numerical_analysis
Nonlinear|http://dbpedia.org/resource/Nonlinear_system
An|http://dbpedia.org/resource/Alternating_group
numerical algorithms|http://dbpedia.org/resource/Numerical_analysis
nonlinear equations|http://dbpedia.org/resource/Nonlinear_system
discrete|http://dbpedia.org/resource/Discrete_time_and_continuous_time
continuous|http://dbpedia.org/resource/Discrete_time_and_continuous_time
systems|http://dbpedia.org/resource/Systems_engineering
The|http://dbpedia.org/resource/The
numerical analysis|http://dbpedia.org/resource/Numerical_analysis
numerical simulation|http://dbpedia.org/resource/Computer_simulation
This|http://dbpedia.org/resource/Sathya_Sai_Baba
scientists|http://dbpedia.org/resource/Science
engineers|http://dbpedia.org/resource/Engineering
nonlinear|http://dbpedia.org/resource/Nonlinear_system
phenomena|http://dbpedia.org/resource/Phenomenon
computational|http://dbpedia.org/resource/Computer_simulation
aspects|http://dbpedia.org/resource/Astrological_aspect
homotopy|http://dbpedia.org/resource/Homotopy
continuation|http://dbpedia.org/resource/Numerical_continuation
methods|http://dbpedia.org/resource/Software_development_process
fixed points|http://dbpedia.org/resource/Renormalization_group
solutions|http://dbpedia.org/resource/Equation
asymptotic stability|http://dbpedia.org/resource/Lyapunov_stability
bifurcations|http://dbpedia.org/resource/Bifurcation_theory
periodic|http://dbpedia.org/resource/Periodic_function
solutions|http://dbpedia.org/resource/Equation
transition|http://dbpedia.org/resource/Transition_metal
chaos|http://dbpedia.org/resource/Chaos_theory
conservative|http://dbpedia.org/resource/Conservatism_in_the_United_States
systems|http://dbpedia.org/resource/Systems_engineering
travelling wave|http://dbpedia.org/resource/Wave
solutions|http://dbpedia.org/resource/Equation
discretization|http://dbpedia.org/resource/Discretization
variety|http://dbpedia.org/resource/Algebraic_variety
applications|http://dbpedia.org/resource/Computer_program
Numerical|http://dbpedia.org/resource/Numerical_linear_algebra
software packages|http://dbpedia.org/resource/Software
project|http://dbpedia.org/resource/Project_management
Digital|http://dbpedia.org/resource/Digital_electronics
Geometric|http://dbpedia.org/resource/Geometry
Modelling|http://dbpedia.org/resource/Conceptual_model
This|http://dbpedia.org/resource/Sathya_Sai_Baba
introduces|http://dbpedia.org/resource/Exposition_(narrative)
digital geometry|http://dbpedia.org/resource/Digital_geometry
modelling|http://dbpedia.org/resource/3D_modeling
pipeline|http://dbpedia.org/resource/Graphics_pipeline
focusing|http://dbpedia.org/resource/Superlens
data structures|http://dbpedia.org/resource/Data_structure
algorithms|http://dbpedia.org/resource/Numerical_analysis
digital|http://dbpedia.org/resource/Digital_electronics
representation|http://dbpedia.org/resource/Knowledge_representation_and_reasoning
processing|http://dbpedia.org/resource/Digital_image_processing
3D|http://dbpedia.org/resource/3D_modeling
geometry|http://dbpedia.org/resource/Geometry
Students|http://dbpedia.org/resource/Student
study|http://dbpedia.org/resource/Research
wide range|http://dbpedia.org/resource/Fender_Wide_Range
applications|http://dbpedia.org/resource/Application_software
solutions|http://dbpedia.org/resource/Equation
computer-aided design|http://dbpedia.org/resource/Computer-aided_design
architecture|http://dbpedia.org/resource/Computer_architecture
reverse engineering|http://dbpedia.org/resource/Reverse_engineering
medical|http://dbpedia.org/resource/Medicine
applications|http://dbpedia.org/resource/Application_software
As|http://dbpedia.org/resource/Arsenic
triangle|http://dbpedia.org/resource/Computer_graphics
meshes|http://dbpedia.org/resource/Polygon_mesh
popular|http://dbpedia.org/resource/Pop_music
representation|http://dbpedia.org/resource/Knowledge_representation_and_reasoning
3D|http://dbpedia.org/resource/3D_modeling
geometry|http://dbpedia.org/resource/Geometry
focuses|http://dbpedia.org/resource/Focus_(optics)
triangle mesh|http://dbpedia.org/resource/Triangle_mesh
representations|http://dbpedia.org/resource/Knowledge_representation_and_reasoning
data structures|http://dbpedia.org/resource/Data_structure
enable|http://dbpedia.org/resource/Enabling
efficiently|http://dbpedia.org/resource/Time_complexity
edit|http://dbpedia.org/resource/Hyperlink
geometry|http://dbpedia.org/resource/Geometry
In|http://dbpedia.org/resource/Bitcoin
addition|http://dbpedia.org/resource/Addition
covers|http://dbpedia.org/resource/Covering_space
spline|http://dbpedia.org/resource/Flat_spline
modelling|http://dbpedia.org/resource/3D_modeling
Hermite|http://dbpedia.org/resource/Charles_Hermite
splines|http://dbpedia.org/resource/Spline_interpolation
Bezier|http://dbpedia.org/resource/Bézier_curve
splines|http://dbpedia.org/resource/Spline_interpolation
B-Splines|http://dbpedia.org/resource/B-spline
project|http://dbpedia.org/resource/Project_management
Comparative|http://dbpedia.org/resource/Comparative
Study|http://dbpedia.org/resource/Eduard_Study
Programming Languages|http://dbpedia.org/resource/Programming_language
Comparison|http://dbpedia.org/resource/Relational_operator
high-level programming languages|http://dbpedia.org/resource/High-level_programming_language
respect|http://dbpedia.org/resource/Respect
application|http://dbpedia.org/resource/Computer_program
areas|http://dbpedia.org/resource/Area
efficiency|http://dbpedia.org/resource/Efficient_energy_use
The|http://dbpedia.org/resource/The
selected|http://dbpedia.org/resource/Natural_selection
languages|http://dbpedia.org/resource/Programming_language
demonstrate|http://dbpedia.org/resource/2010_Catalan_autonomy_protest
programming paradigms|http://dbpedia.org/resource/Programming_paradigm
functional|http://dbpedia.org/resource/Functional_programming
logical|http://dbpedia.org/resource/Boolean_data_type
scripting|http://dbpedia.org/resource/Scripting_language
dynamic typing|http://dbpedia.org/resource/Type_system
Compilation|http://dbpedia.org/resource/Compiler
interpretation|http://dbpedia.org/resource/Language_interpretation
Advanced|http://dbpedia.org/resource/GCE_Advanced_Level
implementation|http://dbpedia.org/resource/Programming_language_implementation
project|http://dbpedia.org/resource/Project
Compiler|http://dbpedia.org/resource/Compiler
Design|http://dbpedia.org/resource/Design
Compiler|http://dbpedia.org/resource/Compiler
organization|http://dbpedia.org/resource/Organization
implementation|http://dbpedia.org/resource/Implementation
lexical analysis|http://dbpedia.org/resource/Lexical_analysis
parsing|http://dbpedia.org/resource/Parsing
code optimization|http://dbpedia.org/resource/Program_optimization
Run-time|http://dbpedia.org/resource/Run_time_(program_lifecycle_phase)
systems|http://dbpedia.org/resource/Operating_system
project|http://dbpedia.org/resource/Project
Protocols|http://dbpedia.org/resource/Communications_protocol
Direct|http://dbpedia.org/resource/Direct_flight
link|http://dbpedia.org/resource/Data_link
networks|http://dbpedia.org/resource/Computer_network
encoding|http://dbpedia.org/resource/Data_compression
framing|http://dbpedia.org/resource/Frame_synchronization
error detection|http://dbpedia.org/resource/Error_detection_and_correction
flow control|http://dbpedia.org/resource/Control_flow
networks|http://dbpedia.org/resource/Computer_network
Packet switching|http://dbpedia.org/resource/Packet_switching
forwarding|http://dbpedia.org/resource/Port_forwarding
bridges|http://dbpedia.org/resource/Bridge
switches|http://dbpedia.org/resource/Network_switch
Internetworking|http://dbpedia.org/resource/Internetworking
Internet Protocol|http://dbpedia.org/resource/Internet_Protocol
addressing|http://dbpedia.org/resource/Network_address
IPv6|http://dbpedia.org/resource/IPv6
multicasting|http://dbpedia.org/resource/Multicast
mobile IP|http://dbpedia.org/resource/Mobile_IP
protocols|http://dbpedia.org/resource/Communications_protocol
UDP|http://dbpedia.org/resource/User_Datagram_Protocol
TCP|http://dbpedia.org/resource/Transmission_Control_Protocol
Network security|http://dbpedia.org/resource/Network_security
concepts|http://dbpedia.org/resource/Concept_map
protocols|http://dbpedia.org/resource/Communications_protocol
Laboratory|http://dbpedia.org/resource/Laboratory
week|http://dbpedia.org/resource/Week
Advanced|http://dbpedia.org/resource/GCE_Advanced_Level
Database|http://dbpedia.org/resource/Database
Technology|http://dbpedia.org/resource/Technology
Applications|http://dbpedia.org/resource/Application_software
Review|http://dbpedia.org/resource/Review
standard|http://dbpedia.org/resource/Technical_standard
relational databases|http://dbpedia.org/resource/Relational_database_management_system
query languages|http://dbpedia.org/resource/Query_language
Query processing|http://dbpedia.org/resource/Query_optimization
optimization|http://dbpedia.org/resource/Query_optimization
Parallel|http://dbpedia.org/resource/Parallel_computing
distributed databases|http://dbpedia.org/resource/Distributed_database
Information integration|http://dbpedia.org/resource/Information_integration
Data warehouse|http://dbpedia.org/resource/Data_warehouse
systems|http://dbpedia.org/resource/Operating_system
Data mining|http://dbpedia.org/resource/Data_mining
OLAP|http://dbpedia.org/resource/Online_analytical_processing
Web|http://dbpedia.org/resource/Web_application
databases|http://dbpedia.org/resource/Relational_database_management_system
XML|http://dbpedia.org/resource/XML
Active|http://dbpedia.org/resource/Active_voice
logical|http://dbpedia.org/resource/Logic
databases|http://dbpedia.org/resource/Relational_database_management_system
spatial|http://dbpedia.org/resource/Spatial_analysis
multimedia|http://dbpedia.org/resource/Multimedia
data management|http://dbpedia.org/resource/Data_management
Laboratory|http://dbpedia.org/resource/Laboratory
Two|http://dbpedia.org/resource/2
week|http://dbpedia.org/resource/Week
Foundations|http://dbpedia.org/resource/Foundations_of_mathematics
Semantic Web|http://dbpedia.org/resource/Semantic_Web
standards|http://dbpedia.org/resource/Technical_standard
Extensible Markup Language (XML)|http://dbpedia.org/resource/XML
Resource Description Framework (RDF)|http://dbpedia.org/resource/Resource_Description_Framework
schema|http://dbpedia.org/resource/XML_schema
markup languages|http://dbpedia.org/resource/Markup_language
Semantic Web|http://dbpedia.org/resource/Semantic_Web
ontology|http://dbpedia.org/resource/Ontology_engineering
development|http://dbpedia.org/resource/Software_development
markup languages|http://dbpedia.org/resource/Markup_language
ontologies|http://dbpedia.org/resource/Ontology
Web Ontology Language (OWL)|http://dbpedia.org/resource/Web_Ontology_Language
logical|http://dbpedia.org/resource/Logic
foundations|http://dbpedia.org/resource/Foundations_of_mathematics
ontologies|http://dbpedia.org/resource/Ontology
description logics|http://dbpedia.org/resource/Description_logic
reasoning|http://dbpedia.org/resource/Semantic_reasoner
ontologies|http://dbpedia.org/resource/Ontology
project|http://dbpedia.org/resource/Wikipedia
Introduction|http://dbpedia.org/resource/Florrie_discography
Systems|http://dbpedia.org/resource/Information_system
Review|http://dbpedia.org/resource/Review
first-order logic|http://dbpedia.org/resource/First-order_logic
relational algebra|http://dbpedia.org/resource/Relational_algebra
relational calculus|http://dbpedia.org/resource/Relational_calculus
logic programming|http://dbpedia.org/resource/Logic_programming
Logic|http://dbpedia.org/resource/Logic
knowledge representation|http://dbpedia.org/resource/Knowledge_representation_and_reasoning
Architecture|http://dbpedia.org/resource/Enterprise_architecture
system|http://dbpedia.org/resource/System
databases|http://dbpedia.org/resource/Database
Top-down|http://dbpedia.org/resource/Top-down_and_bottom-up_design
bottom-up|http://dbpedia.org/resource/Top-down_and_bottom-up_design
query processing|http://dbpedia.org/resource/Query_optimization
Some|http://dbpedia.org/resource/Karl_Marx
query processing|http://dbpedia.org/resource/Query_optimization
strategies|http://dbpedia.org/resource/Heuristic
Project|http://dbpedia.org/resource/Project
term paper|http://dbpedia.org/resource/Term_paper
current|http://dbpedia.org/resource/Electric_current
topics|http://dbpedia.org/resource/Conversation_threading
Discrete Mathematics|http://dbpedia.org/resource/Discrete_mathematics
Introduction|http://dbpedia.org/resource/Florrie_discography
methods|http://dbpedia.org/resource/Scientific_method
proof|http://dbpedia.org/resource/Mathematical_proof
Computer Science|http://dbpedia.org/resource/Computer_science
Proof|http://dbpedia.org/resource/Mathematical_proof
postulate|http://dbpedia.org/resource/Axiom
The|http://dbpedia.org/resource/The_New_York_Times
theorems|http://dbpedia.org/resource/Theorem
theorem|http://dbpedia.org/resource/Theorem
Ramsey|http://dbpedia.org/resource/Ramsey_Abbey
numbers|http://dbpedia.org/resource/Number
Van|http://dbpedia.org/resource/Van
theorem|http://dbpedia.org/resource/Theorem
Van|http://dbpedia.org/resource/Van
numbers|http://dbpedia.org/resource/Number
proof|http://dbpedia.org/resource/Mathematical_proof
sz|http://dbpedia.org/resource/Sz_(digraph)
conjecture|http://dbpedia.org/resource/Conjecture
The|http://dbpedia.org/resource/The_New_York_Times
theorem|http://dbpedia.org/resource/Theorem
Extremal graph theory|http://dbpedia.org/resource/Extremal_graph_theory
Random graphs|http://dbpedia.org/resource/Random_graph
graph colouring|http://dbpedia.org/resource/Graph_coloring
The|http://dbpedia.org/resource/The_New_York_Times
probabilistic method|http://dbpedia.org/resource/Probabilistic_method
applications|http://dbpedia.org/resource/Computer_program
Computer Science|http://dbpedia.org/resource/Computer_science
project|http://dbpedia.org/resource/Project_management
Optimization|http://dbpedia.org/resource/Mathematical_optimization
linear|http://dbpedia.org/resource/Linearity
non-linear programming|http://dbpedia.org/resource/Nonlinear_programming
network|http://dbpedia.org/resource/Complex_network
optimization|http://dbpedia.org/resource/Mathematical_optimization
integer|http://dbpedia.org/resource/Integer
discrete|http://dbpedia.org/resource/Discrete_mathematics
programming|http://dbpedia.org/resource/Mathematical_optimization
Techniques|http://dbpedia.org/resource/Fishing_techniques
nonlinear|http://dbpedia.org/resource/Nonlinear_system
non-convex|http://dbpedia.org/resource/Convex_set
branch-and-bound|http://dbpedia.org/resource/Branch_and_bound
methods|http://dbpedia.org/resource/Subgradient_method
DC|http://dbpedia.org/resource/Direct_current
difference|http://dbpedia.org/resource/Recurrence_relation
convex functions|http://dbpedia.org/resource/Convex_function
programming|http://dbpedia.org/resource/Mathematical_optimization
bilinear|http://dbpedia.org/resource/Bilinear_form
Heuristics|http://dbpedia.org/resource/Heuristic
project|http://dbpedia.org/resource/Project_management
Students|http://dbpedia.org/resource/Student
received|http://dbpedia.org/resource/Sacred_tradition
topic|http://dbpedia.org/resource/Topic_and_comment
COMP|http://dbpedia.org/resource/College_of_Osteopathic_Medicine_of_the_Pacific
number|http://dbpedia.org/resource/Number_theory
Theory|http://dbpedia.org/resource/Theory
Computation|http://dbpedia.org/resource/Computation
General|http://dbpedia.org/resource/History_of_economic_thought
algorithmic|http://dbpedia.org/resource/Algorithm
computations|http://dbpedia.org/resource/Computation
Turing machines|http://dbpedia.org/resource/Turing_machine
universal|http://dbpedia.org/resource/Universal_Turing_machine
Turing machines|http://dbpedia.org/resource/Turing_machine
Turing computable|http://dbpedia.org/resource/Computable_function
functions|http://dbpedia.org/resource/Subroutine
standard|http://dbpedia.org/resource/Technical_standard
family|http://dbpedia.org/resource/Family
algorithms|http://dbpedia.org/resource/Algorithm
Primitive recursive|http://dbpedia.org/resource/Primitive_recursive_function
recursive functions|http://dbpedia.org/resource/Computable_function
thesis|http://dbpedia.org/resource/Thesis
recursive|http://dbpedia.org/resource/Computable_function
sets|http://dbpedia.org/resource/Set_theory
Recursively|http://dbpedia.org/resource/Recursion_(computer_science)
enumerable|http://dbpedia.org/resource/Enumeration
sets|http://dbpedia.org/resource/Set_theory
theorem|http://dbpedia.org/resource/Theorem
Time|http://dbpedia.org/resource/Time
space complexity|http://dbpedia.org/resource/DSPACE
complexity measures|http://dbpedia.org/resource/Computational_complexity_theory
Hierarchy|http://dbpedia.org/resource/Hierarchy
complexity measures|http://dbpedia.org/resource/Computational_complexity_theory
complexity theory|http://dbpedia.org/resource/Computational_complexity_theory
project|http://dbpedia.org/resource/Project_management
Algorithm|http://dbpedia.org/resource/Algorithm
Design|http://dbpedia.org/resource/Design
Mathematical|http://dbpedia.org/resource/Mathematical_model
Empirical|http://dbpedia.org/resource/Empirical_evidence
measures|http://dbpedia.org/resource/Measurement
algorithm|http://dbpedia.org/resource/Algorithm
efficiencies|http://dbpedia.org/resource/Solar_cell_efficiency
Optimization|http://dbpedia.org/resource/Mathematical_optimization
combinatorial|http://dbpedia.org/resource/Combinatorial_optimization
algorithms|http://dbpedia.org/resource/Algorithm
greedy algorithms|http://dbpedia.org/resource/Greedy_algorithm
dynamic programming|http://dbpedia.org/resource/Dynamic_programming
branch-and-bound|http://dbpedia.org/resource/Branch_and_bound
graph|http://dbpedia.org/resource/Graph_theory
network|http://dbpedia.org/resource/Flow_network
algorithms|http://dbpedia.org/resource/Algorithm
complexity analysis|http://dbpedia.org/resource/Analysis_of_algorithms
String matching|http://dbpedia.org/resource/String_searching_algorithm
algorithms|http://dbpedia.org/resource/Algorithm
NP-complete|http://dbpedia.org/resource/NP-completeness
problems|http://dbpedia.org/resource/Computational_problem
approximate|http://dbpedia.org/resource/Approximation_algorithm
solutions|http://dbpedia.org/resource/Equation
Probabilistic|http://dbpedia.org/resource/Probability_theory
algorithms|http://dbpedia.org/resource/Algorithm
project|http://dbpedia.org/resource/Project
Combinatorial|http://dbpedia.org/resource/Combinatorics
Algorithms|http://dbpedia.org/resource/Algorithm
Representation|http://dbpedia.org/resource/Social_representation
generation|http://dbpedia.org/resource/Generation
combinatorial|http://dbpedia.org/resource/Combinatorics
objects|http://dbpedia.org/resource/Object-oriented_programming
counting|http://dbpedia.org/resource/Counting
estimation|http://dbpedia.org/resource/Estimation_theory
Projects|http://dbpedia.org/resource/Capital_expenditure
selected|http://dbpedia.org/resource/Natural_selection
applications|http://dbpedia.org/resource/Application_software
combinatorics|http://dbpedia.org/resource/Combinatorics
graph theory|http://dbpedia.org/resource/Graph_theory
Computational Geometry|http://dbpedia.org/resource/Computational_geometry
Efficient|http://dbpedia.org/resource/Kinetic_data_structure
algorithms|http://dbpedia.org/resource/Algorithm
data structures|http://dbpedia.org/resource/Data_structure
solve|http://dbpedia.org/resource/Equation_solving
geometric|http://dbpedia.org/resource/Geometry
problems|http://dbpedia.org/resource/Computational_problem
Problems|http://dbpedia.org/resource/Decision_problem
convex|http://dbpedia.org/resource/Convex_set
hulls|http://dbpedia.org/resource/Husk
polygon triangulation|http://dbpedia.org/resource/Polygon_triangulation
point location|http://dbpedia.org/resource/Point_location
range searching|http://dbpedia.org/resource/Range_searching
Voronoi|http://dbpedia.org/resource/Voronoi_diagram
diagrams|http://dbpedia.org/resource/Diagram
Delaunay|http://dbpedia.org/resource/Robert_Delaunay
triangulations|http://dbpedia.org/resource/Polygon_triangulation
interval|http://dbpedia.org/resource/Partially_ordered_set
trees|http://dbpedia.org/resource/Tree_structure
segment|http://dbpedia.org/resource/Line_segment
trees|http://dbpedia.org/resource/Tree_structure
arrangements|http://dbpedia.org/resource/Arrangement
robot|http://dbpedia.org/resource/Robotics
motion planning|http://dbpedia.org/resource/Motion_planning
binary|http://dbpedia.org/resource/Binary_number
space|http://dbpedia.org/resource/Euclidean_space
partitions|http://dbpedia.org/resource/Partition_of_a_set
methods|http://dbpedia.org/resource/Software_development_process
plane sweep|http://dbpedia.org/resource/Sweep_line_algorithm
incremental|http://dbpedia.org/resource/Backup
insertion|http://dbpedia.org/resource/Anatomical_terms_of_muscle
randomization|http://dbpedia.org/resource/Randomized_algorithm
divide|http://dbpedia.org/resource/Divisor
Emphasis|http://dbpedia.org/resource/Emphasis_(telecommunications)
computation|http://dbpedia.org/resource/Time_complexity
complexity|http://dbpedia.org/resource/Analysis_of_algorithms
applications|http://dbpedia.org/resource/Computer_program
computer graphics|http://dbpedia.org/resource/Computer_graphics
computer aided design|http://dbpedia.org/resource/Computer-aided_design
geographic|http://dbpedia.org/resource/Georeferencing
systems|http://dbpedia.org/resource/Computer
networks|http://dbpedia.org/resource/Computer_network
mesh generation|http://dbpedia.org/resource/Mesh_generation
databases|http://dbpedia.org/resource/Database
robot|http://dbpedia.org/resource/Robotics
motion planning|http://dbpedia.org/resource/Motion_planning
project|http://dbpedia.org/resource/Project
The|http://dbpedia.org/resource/The
covers|http://dbpedia.org/resource/Cover_version
heuristic|http://dbpedia.org/resource/Heuristic
adversarial|http://dbpedia.org/resource/Adversarial_system
concrete|http://dbpedia.org/resource/Concrete
applications|http://dbpedia.org/resource/Application_software
It|http://dbpedia.org/resource/Wikipedia
automated reasoning|http://dbpedia.org/resource/Automated_reasoning
advanced|http://dbpedia.org/resource/Developed_country
knowledge representation|http://dbpedia.org/resource/Knowledge_representation_and_reasoning
dealing|http://dbpedia.org/resource/Card_game
Artificial Intelligence|http://dbpedia.org/resource/Artificial_intelligence
applications|http://dbpedia.org/resource/Application_software
Finally|http://dbpedia.org/resource/Finally_(CeCe_Peniston_album)
introduces|http://dbpedia.org/resource/Exposition_(narrative)
recurrent neural networks|http://dbpedia.org/resource/Recurrent_neural_network
sequence|http://dbpedia.org/resource/Sequence
sequence|http://dbpedia.org/resource/Sequence
models|http://dbpedia.org/resource/Computer_simulation
project|http://dbpedia.org/resource/Project
Laboratory|http://dbpedia.org/resource/Laboratory
week|http://dbpedia.org/resource/Week
Pattern Recognition|http://dbpedia.org/resource/Pattern_recognition
Feature extraction|http://dbpedia.org/resource/Feature_extraction
selection|http://dbpedia.org/resource/Natural_selection
Similarity|http://dbpedia.org/resource/Similarity_(geometry)
distance|http://dbpedia.org/resource/Distance
measurements|http://dbpedia.org/resource/Measurement
Syntactic|http://dbpedia.org/resource/Syntax
statistical|http://dbpedia.org/resource/Statistics
Clustering|http://dbpedia.org/resource/Cluster_analysis
analysis|http://dbpedia.org/resource/Data_analysis
Bayesian decision theory|http://dbpedia.org/resource/Bayes_estimator
discriminant|http://dbpedia.org/resource/Discriminant
functions|http://dbpedia.org/resource/Positive-definite_kernel
Clustering|http://dbpedia.org/resource/Cluster_analysis
Applications|http://dbpedia.org/resource/Application_software
project|http://dbpedia.org/resource/Project_management
Laboratory|http://dbpedia.org/resource/Laboratory
week|http://dbpedia.org/resource/Week
Intelligent Systems|http://dbpedia.org/resource/Artificial_intelligence
Knowledge representation|http://dbpedia.org/resource/Knowledge_representation_and_reasoning
reasoning|http://dbpedia.org/resource/Artificial_intelligence
Uncertainty|http://dbpedia.org/resource/Uncertainty
conflict resolution|http://dbpedia.org/resource/Conflict_resolution
Design|http://dbpedia.org/resource/Design
intelligent systems|http://dbpedia.org/resource/Artificial_intelligence
rule-based|http://dbpedia.org/resource/Logic_programming
blackboard|http://dbpedia.org/resource/Blackboard
architectures|http://dbpedia.org/resource/Enterprise_architecture
project|http://dbpedia.org/resource/Project_management
Laboratory|http://dbpedia.org/resource/Laboratory
week|http://dbpedia.org/resource/Week
Language|http://dbpedia.org/resource/Language
Introduction|http://dbpedia.org/resource/Florrie_discography
natural language processing|http://dbpedia.org/resource/Natural-language_processing
Structure|http://dbpedia.org/resource/Structure
English|http://dbpedia.org/resource/English_language
Grammars|http://dbpedia.org/resource/Grammar
parsing|http://dbpedia.org/resource/Parsing
Lexical|http://dbpedia.org/resource/Lexicon
compositional semantics|http://dbpedia.org/resource/Principle_of_compositionality
Pragmatic|http://dbpedia.org/resource/Pragmatics
issues|http://dbpedia.org/resource/Problem_solving
Applications|http://dbpedia.org/resource/Application_software
text mining|http://dbpedia.org/resource/Text_mining
extraction|http://dbpedia.org/resource/Information_extraction
project|http://dbpedia.org/resource/Project
Students|http://dbpedia.org/resource/Student
received|http://dbpedia.org/resource/Sacred_tradition
COMP|http://dbpedia.org/resource/College_of_Osteopathic_Medicine_of_the_Pacific
September|http://dbpedia.org/resource/September
Advanced|http://dbpedia.org/resource/GCE_Advanced_Level
3D|http://dbpedia.org/resource/3D_modeling
Graphics|http://dbpedia.org/resource/Computer_graphics
Game Programming|http://dbpedia.org/resource/Game_programming
Fundamental|http://dbpedia.org/resource/Fundamentalism
algorithms|http://dbpedia.org/resource/Algorithm
software engineering|http://dbpedia.org/resource/Software_engineering
principles|http://dbpedia.org/resource/Principle
3D graphics|http://dbpedia.org/resource/3D_computer_graphics
Introduction|http://dbpedia.org/resource/Florrie_discography
real-time graphics|http://dbpedia.org/resource/Real-time_computer_graphics
application architecture|http://dbpedia.org/resource/Applications_architecture
basic|http://dbpedia.org/resource/Basic_research
3D|http://dbpedia.org/resource/3D_modeling
concepts|http://dbpedia.org/resource/Concept
modelling|http://dbpedia.org/resource/3D_modeling
rendering|http://dbpedia.org/resource/Real-time_computer_graphics
3D graphics|http://dbpedia.org/resource/3D_computer_graphics
functions|http://dbpedia.org/resource/Subroutine
pipeline|http://dbpedia.org/resource/Graphics_pipeline
performance|http://dbpedia.org/resource/Computer_performance
Hierarchical|http://dbpedia.org/resource/Hierarchy
3D graphics|http://dbpedia.org/resource/3D_computer_graphics
Algorithms|http://dbpedia.org/resource/Algorithm
occlusion culling|http://dbpedia.org/resource/Hidden_surface_determination
collision detection|http://dbpedia.org/resource/Collision_detection
photorealism|http://dbpedia.org/resource/Photorealism
shadows|http://dbpedia.org/resource/Shadow_mapping
textures|http://dbpedia.org/resource/Texture_mapping
Current|http://dbpedia.org/resource/Electric_current
graphics|http://dbpedia.org/resource/Computer_graphics
physics|http://dbpedia.org/resource/Game_physics
algorithms|http://dbpedia.org/resource/Algorithm
Laboratory|http://dbpedia.org/resource/Laboratory
week|http://dbpedia.org/resource/Week
Image Processing|http://dbpedia.org/resource/Digital_image_processing
Digital image|http://dbpedia.org/resource/Digital_image
fundamentals|http://dbpedia.org/resource/Fundamental_frequency
image enhancement|http://dbpedia.org/resource/Digital_image_processing
histogram|http://dbpedia.org/resource/Histogram
processing|http://dbpedia.org/resource/Digital_image_processing
filtering|http://dbpedia.org/resource/Digital_filter
spatial|http://dbpedia.org/resource/Three-dimensional_space
domain|http://dbpedia.org/resource/Domain_of_a_function
filtering|http://dbpedia.org/resource/Digital_filter
frequency domain|http://dbpedia.org/resource/Frequency_domain
reconstruction|http://dbpedia.org/resource/Signal_reconstruction
image segmentation|http://dbpedia.org/resource/Image_segmentation
detection|http://dbpedia.org/resource/Thermography
Hough transform|http://dbpedia.org/resource/Hough_transform
edge detection|http://dbpedia.org/resource/Edge_detection
linking|http://dbpedia.org/resource/Hyperlink
thresholding|http://dbpedia.org/resource/Thresholding_(image_processing)
region|http://dbpedia.org/resource/Regions_of_France
splitting|http://dbpedia.org/resource/Crystal_field_theory
merging|http://dbpedia.org/resource/Mergers_and_acquisitions
image compression|http://dbpedia.org/resource/Image_compression
wavelet transform|http://dbpedia.org/resource/Wavelet_transform
processing|http://dbpedia.org/resource/Digital_image_processing
project|http://dbpedia.org/resource/Project
Laboratory|http://dbpedia.org/resource/Laboratory
week|http://dbpedia.org/resource/Week
applications|http://dbpedia.org/resource/Computer_program
manipulate|http://dbpedia.org/resource/Psychological_manipulation
text|http://dbpedia.org/resource/Plain_text
covered|http://dbpedia.org/resource/Cover_version
law|http://dbpedia.org/resource/Law
retrieval|http://dbpedia.org/resource/Information_retrieval
statistical machine translation|http://dbpedia.org/resource/Statistical_machine_translation
N-gram|http://dbpedia.org/resource/N-gram
language|http://dbpedia.org/resource/Natural_language
models|http://dbpedia.org/resource/Statistical_model
smoothing|http://dbpedia.org/resource/Smoothing
word sense disambiguation|http://dbpedia.org/resource/Word-sense_disambiguation
part-of-speech tagging|http://dbpedia.org/resource/Part-of-speech_tagging
probabilistic|http://dbpedia.org/resource/Statistical_model
grammars|http://dbpedia.org/resource/Formal_grammar
parsing|http://dbpedia.org/resource/Parsing
project|http://dbpedia.org/resource/Project_management
Information Retrieval|http://dbpedia.org/resource/Information_retrieval
Web Search|http://dbpedia.org/resource/Web_search_engine
Basics|http://dbpedia.org/resource/British_Association_for_Immediate_Care
retrieval|http://dbpedia.org/resource/Information_retrieval
IR|http://dbpedia.org/resource/Information_retrieval
Boolean|http://dbpedia.org/resource/Boolean_algebra
vector space|http://dbpedia.org/resource/Vector_space
probabilistic|http://dbpedia.org/resource/Probability
models|http://dbpedia.org/resource/Mathematical_model
Tokenization|http://dbpedia.org/resource/Lexical_analysis
creation|http://dbpedia.org/resource/Creation_myth
inverted|http://dbpedia.org/resource/Invertible_matrix
files|http://dbpedia.org/resource/Computer_file
Weighting|http://dbpedia.org/resource/Weighting
schemes|http://dbpedia.org/resource/Axiom_schema
Evaluation|http://dbpedia.org/resource/Feedback
IR|http://dbpedia.org/resource/Information_retrieval
systems|http://dbpedia.org/resource/Computer
precision|http://dbpedia.org/resource/Precision_and_recall
recall|http://dbpedia.org/resource/Precision_and_recall
Relevance feedback|http://dbpedia.org/resource/Relevance_feedback
query expansion|http://dbpedia.org/resource/Query_expansion
Application|http://dbpedia.org/resource/Application_software
IR|http://dbpedia.org/resource/Information_retrieval
Web search engines|http://dbpedia.org/resource/Web_search_engine
XML|http://dbpedia.org/resource/XML
link analysis|http://dbpedia.org/resource/Link_analysis
PageRank|http://dbpedia.org/resource/PageRank
algorithm|http://dbpedia.org/resource/Algorithm
Text|http://dbpedia.org/resource/Plain_text
categorization|http://dbpedia.org/resource/Categorization
clustering|http://dbpedia.org/resource/Cluster_analysis
spam filtering|http://dbpedia.org/resource/Anti-spam_techniques
project|http://dbpedia.org/resource/Project_management
Laboratory|http://dbpedia.org/resource/Laboratory
week|http://dbpedia.org/resource/Week
Bioinformatics|http://dbpedia.org/resource/Bioinformatics
Algorithms|http://dbpedia.org/resource/Algorithm
The|http://dbpedia.org/resource/The
principal|http://dbpedia.org/resource/Principal_bundle
objectives|http://dbpedia.org/resource/Project_management
cover|http://dbpedia.org/resource/Cover_version
major|http://dbpedia.org/resource/Major_scale
algorithms|http://dbpedia.org/resource/Algorithm
bioinformatics|http://dbpedia.org/resource/Bioinformatics
sequence alignment|http://dbpedia.org/resource/Multiple_sequence_alignment
multiple sequence alignment|http://dbpedia.org/resource/Multiple_sequence_alignment
phylogeny|http://dbpedia.org/resource/Phylogenetic_tree
classifying|http://dbpedia.org/resource/Statistical_classification
sequences|http://dbpedia.org/resource/Protein_primary_structure
secondary structure prediction|http://dbpedia.org/resource/Protein_structure_prediction
3D|http://dbpedia.org/resource/Three-dimensional_space
structure prediction|http://dbpedia.org/resource/Protein_structure_prediction
gene|http://dbpedia.org/resource/Gene
expression|http://dbpedia.org/resource/Gene_expression
data|http://dbpedia.org/resource/Data_mining
This|http://dbpedia.org/resource/Sathya_Sai_Baba
dynamic programming|http://dbpedia.org/resource/Dynamic_programming
machine learning|http://dbpedia.org/resource/Machine_learning
simulated annealing|http://dbpedia.org/resource/Simulated_annealing
clustering algorithms|http://dbpedia.org/resource/Cluster_analysis
principles|http://dbpedia.org/resource/Principle
project|http://dbpedia.org/resource/Project
Bioinformatics|http://dbpedia.org/resource/Bioinformatics
Databases|http://dbpedia.org/resource/Database
Systems|http://dbpedia.org/resource/Information_system
The|http://dbpedia.org/resource/The
principal|http://dbpedia.org/resource/Head_teacher
objectives|http://dbpedia.org/resource/Project_management
bioinformatics|http://dbpedia.org/resource/Bioinformatics
data management|http://dbpedia.org/resource/Data_management
knowledge management|http://dbpedia.org/resource/Knowledge_management
computational|http://dbpedia.org/resource/Grid_computing
support|http://dbpedia.org/resource/Technical_support
provide|http://dbpedia.org/resource/Digital_signature
kind|http://dbpedia.org/resource/Printing
database|http://dbpedia.org/resource/Database
system|http://dbpedia.org/resource/System
introduce|http://dbpedia.org/resource/Introduced_species
advanced|http://dbpedia.org/resource/Developed_country
database|http://dbpedia.org/resource/Database
technology|http://dbpedia.org/resource/Technology
software technology|http://dbpedia.org/resource/Software
relevant|http://dbpedia.org/resource/Relevance
bioinformatics|http://dbpedia.org/resource/Bioinformatics
project|http://dbpedia.org/resource/Project
Computer Science|http://dbpedia.org/resource/Computer_science
Subject|http://dbpedia.org/resource/Access_control
vary|http://dbpedia.org/resource/Measurement_uncertainty
Students|http://dbpedia.org/resource/Student
content|http://dbpedia.org/resource/Digital_content
changed|http://dbpedia.org/resource/Semantic_change
Changes|http://dbpedia.org/resource/Changes_(The_Dresden_Files)
content|http://dbpedia.org/resource/Digital_content
letter|http://dbpedia.org/resource/Grapheme
number|http://dbpedia.org/resource/Number
COMP|http://dbpedia.org/resource/College_of_Osteopathic_Medicine_of_the_Pacific
COMP|http://dbpedia.org/resource/College_of_Osteopathic_Medicine_of_the_Pacific
Graduate|http://dbpedia.org/resource/Postgraduate_education
Seminar|http://dbpedia.org/resource/Seminar
Computer Science|http://dbpedia.org/resource/Computer_science
Students|http://dbpedia.org/resource/Student
selected|http://dbpedia.org/resource/Natural_selection
departmental|http://dbpedia.org/resource/Departments_of_France
seminars|http://dbpedia.org/resource/Seminar
comprehensive|http://dbpedia.org/resource/Comprehensive_school
report|http://dbpedia.org/resource/Report
presented|http://dbpedia.org/resource/Presentation
seminars|http://dbpedia.org/resource/Seminar
This|http://dbpedia.org/resource/Philippine_Nurse_Licensure_Examination
graded|http://dbpedia.org/resource/Academic_grading_in_the_United_States
pass/fail|http://dbpedia.org/resource/Failure
basis|http://dbpedia.org/resource/Free_module
Project|http://dbpedia.org/resource/Project
Report|http://dbpedia.org/resource/Report
Project|http://dbpedia.org/resource/Project
Students|http://dbpedia.org/resource/Student
received|http://dbpedia.org/resource/Amiri_Baraka
SOEN|http://dbpedia.org/resource/Soen
SOEN|http://dbpedia.org/resource/Soen
Parallel|http://dbpedia.org/resource/Parallel_computing
Algorithms|http://dbpedia.org/resource/Algorithm
Architectures|http://dbpedia.org/resource/Enterprise_architecture
permission|http://dbpedia.org/resource/File_system_permissions
architectures|http://dbpedia.org/resource/Computer_architecture
memory|http://dbpedia.org/resource/Computer_memory
organization|http://dbpedia.org/resource/Organization
interconnection|http://dbpedia.org/resource/Interconnection
structures|http://dbpedia.org/resource/Structure
data|http://dbpedia.org/resource/Data
Parallel algorithms|http://dbpedia.org/resource/Parallel_algorithm
paradigms|http://dbpedia.org/resource/Programming_paradigm
complexity analysis|http://dbpedia.org/resource/Analysis_of_algorithms
algorithms|http://dbpedia.org/resource/Algorithm
computation|http://dbpedia.org/resource/Computation
models|http://dbpedia.org/resource/Computer_simulation
project|http://dbpedia.org/resource/Project_management
Mobile Computing|http://dbpedia.org/resource/Mobile_computing
Wireless|http://dbpedia.org/resource/Wireless
Networks|http://dbpedia.org/resource/Computer_network
personal|http://dbpedia.org/resource/Personal_computer
PAN|http://dbpedia.org/resource/Personal_area_network
metropolitan|http://dbpedia.org/resource/Metropolitan_bishop
MAN|http://dbpedia.org/resource/Metropolitan_area_network
ad hoc networks|http://dbpedia.org/resource/Mobile_ad_hoc_network
sensor networks|http://dbpedia.org/resource/Wireless_sensor_network
Algorithms|http://dbpedia.org/resource/Algorithm
protocols|http://dbpedia.org/resource/Communications_protocol
medium|http://dbpedia.org/resource/Transmission_medium
access|http://dbpedia.org/resource/Access_network
topology|http://dbpedia.org/resource/Network_topology
control|http://dbpedia.org/resource/Control_theory
reliable|http://dbpedia.org/resource/Reliability_engineering
transport|http://dbpedia.org/resource/Transport_layer
project|http://dbpedia.org/resource/Project
Semantics|http://dbpedia.org/resource/Semantics
Programming Languages|http://dbpedia.org/resource/Programming_language
COMP|http://dbpedia.org/resource/College_of_Osteopathic_Medicine_of_the_Pacific
The|http://dbpedia.org/resource/The
semantic|http://dbpedia.org/resource/Semantics
programming languages|http://dbpedia.org/resource/Programming_language
Classification|http://dbpedia.org/resource/Statistical_classification
semantics|http://dbpedia.org/resource/Semantics
operational|http://dbpedia.org/resource/Operational_semantics
axiomatic|http://dbpedia.org/resource/Axiom
model-theoretic|http://dbpedia.org/resource/Model_theory
algebraic|http://dbpedia.org/resource/Abstract_algebra
denotational|http://dbpedia.org/resource/Denotational_semantics
Classification|http://dbpedia.org/resource/Statistical_classification
languages|http://dbpedia.org/resource/Formal_language
procedural|http://dbpedia.org/resource/Procedural_programming
functional|http://dbpedia.org/resource/Functional_programming
logic|http://dbpedia.org/resource/Logic
Applications|http://dbpedia.org/resource/Application_software
construction|http://dbpedia.org/resource/Construction
language|http://dbpedia.org/resource/Formal_language
design|http://dbpedia.org/resource/Software_design
temporal logic|http://dbpedia.org/resource/Temporal_logic
distributed systems|http://dbpedia.org/resource/Distributed_computing
semantics|http://dbpedia.org/resource/Semantics
advanced|http://dbpedia.org/resource/Relative_articulation
languages|http://dbpedia.org/resource/Formal_language
Cryptography|http://dbpedia.org/resource/Cryptography
Data|http://dbpedia.org/resource/Plaintext
Security|http://dbpedia.org/resource/Computer_security
cryptographic algorithms|http://dbpedia.org/resource/Cryptography
Advanced Encryption Standard|http://dbpedia.org/resource/Advanced_Encryption_Standard
Rijndael|http://dbpedia.org/resource/Advanced_Encryption_Standard
Cryptographic hash functions|http://dbpedia.org/resource/Cryptographic_hash_function
Digital|http://dbpedia.org/resource/Digital_data
signatures|http://dbpedia.org/resource/Digital_signature
authentication|http://dbpedia.org/resource/Authentication
data integrity|http://dbpedia.org/resource/Data_integrity
Entity|http://dbpedia.org/resource/Entity
authentication|http://dbpedia.org/resource/Authentication
Key distribution|http://dbpedia.org/resource/Key_distribution
management|http://dbpedia.org/resource/Network_management
recovery|http://dbpedia.org/resource/Data_recovery
exhaustion|http://dbpedia.org/resource/Method_of_exhaustion
Authentication|http://dbpedia.org/resource/Authentication
protocols|http://dbpedia.org/resource/Cryptographic_protocol
confidentiality|http://dbpedia.org/resource/Confidentiality
authentication|http://dbpedia.org/resource/Authentication
integrity|http://dbpedia.org/resource/Data_integrity
access control|http://dbpedia.org/resource/Access_control
non-repudiation|http://dbpedia.org/resource/Non-repudiation
availability|http://dbpedia.org/resource/Information_security
encryption|http://dbpedia.org/resource/Encryption
digital signatures|http://dbpedia.org/resource/Digital_signature
keyed|http://dbpedia.org/resource/Compositing
hashes|http://dbpedia.org/resource/Cryptographic_hash_function
challenge-response authentication|http://dbpedia.org/resource/Challenge–response_authentication
traffic|http://dbpedia.org/resource/Traffic_analysis
padding|http://dbpedia.org/resource/Data_structure_alignment
control|http://dbpedia.org/resource/Control_system
Projects|http://dbpedia.org/resource/Capital_expenditure
selected|http://dbpedia.org/resource/Natural_selection
topics|http://dbpedia.org/resource/Conversation_threading
cryptography|http://dbpedia.org/resource/Cryptography
Database|http://dbpedia.org/resource/Database
Systems|http://dbpedia.org/resource/System
Principles|http://dbpedia.org/resource/Principle
Database|http://dbpedia.org/resource/Database
models|http://dbpedia.org/resource/Computer_simulation
logical|http://dbpedia.org/resource/Logic
languages|http://dbpedia.org/resource/Formal_language
Query|http://dbpedia.org/resource/Query_optimization
optimization|http://dbpedia.org/resource/Query_optimization
Query|http://dbpedia.org/resource/Query_optimization
rewriting|http://dbpedia.org/resource/Rewriting
integration|http://dbpedia.org/resource/Integral
data exchange|http://dbpedia.org/resource/Data_exchange
Incomplete|http://dbpedia.org/resource/Incomplete_(Backstreet_Boys_song)
complex values|http://dbpedia.org/resource/Complex_number
Introduction|http://dbpedia.org/resource/Florrie_discography
current|http://dbpedia.org/resource/Electric_current
topics|http://dbpedia.org/resource/Conversation_threading
project|http://dbpedia.org/resource/Project_management
Advanced|http://dbpedia.org/resource/GCE_Advanced_Level
Analysis|http://dbpedia.org/resource/Mathematical_analysis
Algorithms|http://dbpedia.org/resource/Algorithm
COMP|http://dbpedia.org/resource/College_of_Osteopathic_Medicine_of_the_Pacific
Amortized analysis|http://dbpedia.org/resource/Amortized_analysis
algorithms|http://dbpedia.org/resource/Algorithm
NP-hardness|http://dbpedia.org/resource/NP-hardness
approximation algorithms|http://dbpedia.org/resource/Approximation_algorithm
online algorithms|http://dbpedia.org/resource/Online_algorithm
randomized algorithms|http://dbpedia.org/resource/Randomized_algorithm
topics|http://dbpedia.org/resource/Conversation_threading
current|http://dbpedia.org/resource/Electric_current
Project|http://dbpedia.org/resource/Project
term paper|http://dbpedia.org/resource/Term_paper
Advanced|http://dbpedia.org/resource/GCE_Advanced_Level
Rendering|http://dbpedia.org/resource/3D_rendering
Animation|http://dbpedia.org/resource/Animation
COMP|http://dbpedia.org/resource/College_of_Osteopathic_Medicine_of_the_Pacific
Advanced|http://dbpedia.org/resource/GCE_Advanced_Level
concepts|http://dbpedia.org/resource/Concept
rendering|http://dbpedia.org/resource/High-dynamic-range_rendering
animation|http://dbpedia.org/resource/Animation
computational|http://dbpedia.org/resource/Computer_simulation
synthesizing|http://dbpedia.org/resource/Organic_synthesis
complex|http://dbpedia.org/resource/Complex_number
realistic|http://dbpedia.org/resource/Philosophical_realism
images|http://dbpedia.org/resource/Digital_image_processing
static|http://dbpedia.org/resource/Static_program_analysis
dynamic|http://dbpedia.org/resource/Type_system
computer graphics|http://dbpedia.org/resource/Computer_graphics
techniques|http://dbpedia.org/resource/List_of_art_media
games|http://dbpedia.org/resource/PC_game
cinema|http://dbpedia.org/resource/Movie_theater
realistic|http://dbpedia.org/resource/Philosophical_realism
rendering|http://dbpedia.org/resource/High-dynamic-range_rendering
methods|http://dbpedia.org/resource/Software_development_process
real time|http://dbpedia.org/resource/Real-time_computing
animation|http://dbpedia.org/resource/Animation
animation|http://dbpedia.org/resource/Animation
project|http://dbpedia.org/resource/Project_management
Advanced|http://dbpedia.org/resource/GCE_Advanced_Level
Pattern Recognition|http://dbpedia.org/resource/Pattern_recognition
Pattern recognition|http://dbpedia.org/resource/Pattern_recognition
principles|http://dbpedia.org/resource/Standard_accounting_practice
modern methods|http://dbpedia.org/resource/Tongue-in-cheek
digitization|http://dbpedia.org/resource/Digitizing
data acquisition|http://dbpedia.org/resource/Data_acquisition
advanced|http://dbpedia.org/resource/Metastasis
topics|http://dbpedia.org/resource/Conversation_threading
feature extraction|http://dbpedia.org/resource/Feature_extraction
selection|http://dbpedia.org/resource/Selection_bias
principal component analysis|http://dbpedia.org/resource/Principal_component_analysis
clustering|http://dbpedia.org/resource/Cluster_analysis
multiple|http://dbpedia.org/resource/Star_system
classifiers|http://dbpedia.org/resource/Statistical_classification
expert systems|http://dbpedia.org/resource/Expert_system
advanced|http://dbpedia.org/resource/Metastasis
topics|http://dbpedia.org/resource/Conversation_threading
neural networks|http://dbpedia.org/resource/Artificial_neural_network
pattern recognition|http://dbpedia.org/resource/Pattern_recognition
performance evaluation|http://dbpedia.org/resource/Performance_appraisal
reduction|http://dbpedia.org/resource/Reductionism
Applications|http://dbpedia.org/resource/Application_software
project|http://dbpedia.org/resource/Project_management
Advanced|http://dbpedia.org/resource/GCE_Advanced_Level
Image Processing|http://dbpedia.org/resource/Digital_image_processing
permission|http://dbpedia.org/resource/File_system_permissions
image processing|http://dbpedia.org/resource/Digital_image_processing
segmentation|http://dbpedia.org/resource/Image_segmentation
morphological|http://dbpedia.org/resource/Shape
processing|http://dbpedia.org/resource/Digital_image_processing
wavelet|http://dbpedia.org/resource/Wavelet
transforms|http://dbpedia.org/resource/Fourier_transform
multi-resolution analysis|http://dbpedia.org/resource/Multiresolution_analysis
partial differential equation|http://dbpedia.org/resource/Partial_differential_equation
variational methods|http://dbpedia.org/resource/Calculus_of_variations
diffusion|http://dbpedia.org/resource/Diffusion_equation
shock|http://dbpedia.org/resource/Shock_wave
filters|http://dbpedia.org/resource/Filter_bank
Markov random field|http://dbpedia.org/resource/Markov_random_field
Bayesian inference|http://dbpedia.org/resource/Bayesian_inference
energy minimization|http://dbpedia.org/resource/Energy_minimization
snakes|http://dbpedia.org/resource/Snake
active|http://dbpedia.org/resource/Active_filter
contours|http://dbpedia.org/resource/Contour_line
model|http://dbpedia.org/resource/Statistical_model
level set method|http://dbpedia.org/resource/Level-set_method
numerical|http://dbpedia.org/resource/Numerical_analysis
implementation|http://dbpedia.org/resource/Implementation
applications|http://dbpedia.org/resource/Application_software
image|http://dbpedia.org/resource/Digital_image_processing
inpainting|http://dbpedia.org/resource/Inpainting
registration|http://dbpedia.org/resource/Image_registration
project|http://dbpedia.org/resource/Project_management
Computer Science|http://dbpedia.org/resource/Computer_science
II|http://dbpedia.org/resource/World_War_II
Subject|http://dbpedia.org/resource/Access_control
vary|http://dbpedia.org/resource/Measurement_uncertainty
Students|http://dbpedia.org/resource/Student
content|http://dbpedia.org/resource/Digital_content
changed|http://dbpedia.org/resource/Semantic_change
Changes|http://dbpedia.org/resource/Changes_(The_Dresden_Files)
content|http://dbpedia.org/resource/Digital_content
letter|http://dbpedia.org/resource/Grapheme
number|http://dbpedia.org/resource/Number
COMP|http://dbpedia.org/resource/College_of_Osteopathic_Medicine_of_the_Pacific
COMP|http://dbpedia.org/resource/College_of_Osteopathic_Medicine_of_the_Pacific
Research|http://dbpedia.org/resource/Research
Thesis|http://dbpedia.org/resource/Thesis
Students|http://dbpedia.org/resource/Student
thesis|http://dbpedia.org/resource/Thesis
faculty member|http://dbpedia.org/resource/Teacher
appointed|http://dbpedia.org/resource/Hillary_Clinton
Graduate|http://dbpedia.org/resource/Postgraduate_education
Studies|http://dbpedia.org/resource/Research
Committee|http://dbpedia.org/resource/Committee
The thesis|http://dbpedia.org/resource/The_Ambassador_(rapper)
represent|http://dbpedia.org/resource/Collective_bargaining
result|http://dbpedia.org/resource/Return_statement
independent|http://dbpedia.org/resource/Independent_politician
admission|http://dbpedia.org/resource/University_and_college_admission
program|http://dbpedia.org/resource/Computer_program
The thesis|http://dbpedia.org/resource/The_Ambassador_(rapper)
evaluated|http://dbpedia.org/resource/Program_evaluation
committee|http://dbpedia.org/resource/Committee
Graduate|http://dbpedia.org/resource/Postgraduate_education
Studies|http://dbpedia.org/resource/Research
Committee|http://dbpedia.org/resource/Committee
Doctoral|http://dbpedia.org/resource/Doctorate
Research|http://dbpedia.org/resource/Research
Thesis|http://dbpedia.org/resource/Thesis
Software Engineering|http://dbpedia.org/resource/Software_engineering
Processes|http://dbpedia.org/resource/Software_development_process
Introduction|http://dbpedia.org/resource/Florrie_discography
software engineering|http://dbpedia.org/resource/Software_engineering
concepts|http://dbpedia.org/resource/Concept
modern|http://dbpedia.org/resource/Modernity
management|http://dbpedia.org/resource/Product_lifecycle
processes|http://dbpedia.org/resource/Systems_engineering
software|http://dbpedia.org/resource/Software
lifecycles|http://dbpedia.org/resource/Biological_life_cycle
Tracking|http://dbpedia.org/resource/Tracking_(hunting)
software requirements|http://dbpedia.org/resource/Requirement
development|http://dbpedia.org/resource/Software_development
issue|http://dbpedia.org/resource/Issue_tracking_system
trackers|http://dbpedia.org/resource/Music_tracker
Version control|http://dbpedia.org/resource/Version_control
integration|http://dbpedia.org/resource/System_integration
feature|http://dbpedia.org/resource/Software_feature
Validation|http://dbpedia.org/resource/Verification_and_validation
testing frameworks|http://dbpedia.org/resource/List_of_unit_testing_frameworks
code review|http://dbpedia.org/resource/Code_review
Continuous integration|http://dbpedia.org/resource/Continuous_integration
environments|http://dbpedia.org/resource/Desktop_environment
development environment|http://dbpedia.org/resource/Integrated_development_environment
professional|http://dbpedia.org/resource/Professional_degree
environments|http://dbpedia.org/resource/Desktop_environment
Case studies|http://dbpedia.org/resource/Case_study
successful|http://dbpedia.org/resource/Hit_record
management|http://dbpedia.org/resource/Product_lifecycle
processes|http://dbpedia.org/resource/Systems_engineering
open source|http://dbpedia.org/resource/Open-source_model
projects|http://dbpedia.org/resource/Project
industry|http://dbpedia.org/resource/Industry
project|http://dbpedia.org/resource/Project_management
Software|http://dbpedia.org/resource/Software
Re-engineering|http://dbpedia.org/resource/Business_process_reengineering
Semantic|http://dbpedia.org/resource/Semantic_Web
Computing|http://dbpedia.org/resource/Computer_science
Design|http://dbpedia.org/resource/Software_design
Semantic Web|http://dbpedia.org/resource/Semantic_Web
Ontologies|http://dbpedia.org/resource/Ontology
Semantic|http://dbpedia.org/resource/Semantic_Web
Semantic Web|http://dbpedia.org/resource/Semantic_Web
Information Systems|http://dbpedia.org/resource/Information_system
Semantic|http://dbpedia.org/resource/Semantic_Web
Application Development|http://dbpedia.org/resource/Software_development
Application|http://dbpedia.org/resource/Application_software
case studies|http://dbpedia.org/resource/Case_study
biomedical|http://dbpedia.org/resource/Health_informatics
software development|http://dbpedia.org/resource/Software_development
business intelligence|http://dbpedia.org/resource/Business_intelligence
online gaming|http://dbpedia.org/resource/Online_game
e-commerce|http://dbpedia.org/resource/E-commerce
e-science|http://dbpedia.org/resource/E-Science
seminar|http://dbpedia.org/resource/Seminar
Empirical|http://dbpedia.org/resource/Empirical_evidence
evaluation|http://dbpedia.org/resource/Evaluation
methodologies|http://dbpedia.org/resource/Methodology
semantic|http://dbpedia.org/resource/Semantic_Web
systems|http://dbpedia.org/resource/Systems_engineering
project|http://dbpedia.org/resource/Project_management
Students|http://dbpedia.org/resource/Student
received|http://dbpedia.org/resource/Sacred_tradition
topic|http://dbpedia.org/resource/Index_term
SOEN|http://dbpedia.org/resource/Soen
number|http://dbpedia.org/resource/Number
Formal Methods|http://dbpedia.org/resource/Formal_methods
formal systems|http://dbpedia.org/resource/Formal_system
formal methods|http://dbpedia.org/resource/Formal_methods
levels|http://dbpedia.org/resource/Experience_point
formalism|http://dbpedia.org/resource/Formal_system
Integrating|http://dbpedia.org/resource/Integral
formal methods|http://dbpedia.org/resource/Formal_methods
software life-cycle|http://dbpedia.org/resource/Software_release_life_cycle
process model|http://dbpedia.org/resource/Software_development_process
project|http://dbpedia.org/resource/Project
Attributes|http://dbpedia.org/resource/Saint_symbolism
formal specification|http://dbpedia.org/resource/Formal_specification
language|http://dbpedia.org/resource/Programming_language
Formal|http://dbpedia.org/resource/Formal_science
notations|http://dbpedia.org/resource/Mathematical_notation
based|http://dbpedia.org/resource/Radix
finite-state|http://dbpedia.org/resource/Finite-state_machine
machines|http://dbpedia.org/resource/Virtual_machine
case studies|http://dbpedia.org/resource/Case_study
user interfaces|http://dbpedia.org/resource/User_interface
reactive|http://dbpedia.org/resource/AC_power
systems|http://dbpedia.org/resource/Operating_system
concurrent systems|http://dbpedia.org/resource/Concurrency_(computer_science)
Software development|http://dbpedia.org/resource/Software_development
formal methods|http://dbpedia.org/resource/Formal_methods
tools|http://dbpedia.org/resource/Programming_tool
type checking|http://dbpedia.org/resource/Type_system
debugging|http://dbpedia.org/resource/Debugging
validation|http://dbpedia.org/resource/Verification_and_validation
code generation|http://dbpedia.org/resource/Automatic_programming
project|http://dbpedia.org/resource/Project
Software|http://dbpedia.org/resource/Software_engineering
Comprehension|http://dbpedia.org/resource/Reading_comprehension
The|http://dbpedia.org/resource/The
addresses|http://dbpedia.org/resource/IP_address
technical|http://dbpedia.org/resource/Technical_analysis
managerial|http://dbpedia.org/resource/Management
software|http://dbpedia.org/resource/Software_system
comprehension|http://dbpedia.org/resource/Reading_comprehension
software maintenance|http://dbpedia.org/resource/Software_maintenance
issues|http://dbpedia.org/resource/Software_project_management
covered|http://dbpedia.org/resource/Cover_version
cognitive|http://dbpedia.org/resource/Cognition
models|http://dbpedia.org/resource/Computer_simulation
software visualization|http://dbpedia.org/resource/Software_visualization
CASE|http://dbpedia.org/resource/Computer-aided_software_engineering
tools|http://dbpedia.org/resource/Programming_tool
reverse engineering|http://dbpedia.org/resource/Reverse_engineering
static|http://dbpedia.org/resource/Static_program_analysis
dynamic|http://dbpedia.org/resource/IP_address
source code|http://dbpedia.org/resource/Source_code
code analysis|http://dbpedia.org/resource/Static_program_analysis
software configuration management|http://dbpedia.org/resource/Software_configuration_management
current|http://dbpedia.org/resource/Electric_current
topics|http://dbpedia.org/resource/Conversation_threading
software maintenance|http://dbpedia.org/resource/Software_maintenance
project|http://dbpedia.org/resource/Project_management
Students|http://dbpedia.org/resource/Student
received|http://dbpedia.org/resource/Sacred_tradition
COMP|http://dbpedia.org/resource/College_of_Osteopathic_Medicine_of_the_Pacific
Advanced|http://dbpedia.org/resource/GCE_Advanced_Level
Programming|http://dbpedia.org/resource/Computer_programming
Practices|http://dbpedia.org/resource/Five_Pillars_of_Islam
Problems|http://dbpedia.org/resource/Decision_problem
writing|http://dbpedia.org/resource/Writing
managing|http://dbpedia.org/resource/Management
code|http://dbpedia.org/resource/Source_code
Managing|http://dbpedia.org/resource/Management
code|http://dbpedia.org/resource/Source_code
complexity|http://dbpedia.org/resource/Complexity
programming|http://dbpedia.org/resource/Computer_programming
process|http://dbpedia.org/resource/Business_process
Self-documenting code|http://dbpedia.org/resource/Self-documenting_code
documentation generation|http://dbpedia.org/resource/Documentation_generator
Software configuration management|http://dbpedia.org/resource/Software_configuration_management
Best practices|http://dbpedia.org/resource/Best_practice
writing|http://dbpedia.org/resource/Writing
unit tests|http://dbpedia.org/resource/Unit_testing
control code|http://dbpedia.org/resource/Control_character
Advanced|http://dbpedia.org/resource/GCE_Advanced_Level
multi-threading|http://dbpedia.org/resource/Thread_(computing)
concurrency|http://dbpedia.org/resource/Parallel_computing
code reuse|http://dbpedia.org/resource/Code_reuse
fault tolerance|http://dbpedia.org/resource/Fault_tolerance
project|http://dbpedia.org/resource/Project_management
Laboratory|http://dbpedia.org/resource/Laboratory
week|http://dbpedia.org/resource/Week
Advanced|http://dbpedia.org/resource/GCE_Advanced_Level
Software|http://dbpedia.org/resource/Software
Architectures|http://dbpedia.org/resource/Enterprise_architecture
Service Oriented Architecture|http://dbpedia.org/resource/Service-oriented_architecture
SOA|http://dbpedia.org/resource/Service-oriented_architecture
Domain|http://dbpedia.org/resource/Application_domain
specific|http://dbpedia.org/resource/Species
architectures|http://dbpedia.org/resource/Software_architecture
mobile|http://dbpedia.org/resource/Mobile_computing
cloud computing|http://dbpedia.org/resource/Cloud_computing
project|http://dbpedia.org/resource/Project
Programming|http://dbpedia.org/resource/Computer_programming
Competency|http://dbpedia.org/resource/Competence_(human_resources)
Test|http://dbpedia.org/resource/Test_cricket
Master|http://dbpedia.org/resource/Master's_degree
Engineering|http://dbpedia.org/resource/Engineering
Software Engineering|http://dbpedia.org/resource/Software_engineering
sections|http://dbpedia.org/resource/Memory_segmentation
Software Design|http://dbpedia.org/resource/Software_design
Methodologies|http://dbpedia.org/resource/Accounting_research
Software Systems|http://dbpedia.org/resource/Software_system
Requirements|http://dbpedia.org/resource/Requirement
Specification|http://dbpedia.org/resource/List_of_Air_Ministry_specifications
Software|http://dbpedia.org/resource/Software
Re-engineering|http://dbpedia.org/resource/Business_process_reengineering
Software Engineering|http://dbpedia.org/resource/Software_engineering
Case Study|http://dbpedia.org/resource/Case_study
